{"cameraMode":{"drawMode":0,"name":"Shaded","section":"Shading Mode"},"sceneLighting":false,"audioPlay":false,"sceneViewState":{"showFog":true,"showMaterialUpdate":false,"showSkybox":true,"showFlares":true,"showImageEffects":true,"showParticleSystems":true},"in2DMode":false,"pivot":{"x":8.227020263671875,"y":1.957294225692749,"z":-50.539005279541019},"rotation":{"x":-0.22603023052215577,"y":0.050236135721206668,"z":-0.011672875843942166,"w":-0.9727540612220764},"size":27.19237518310547,"orthographic":false}