{"cameraMode":{"drawMode":0,"name":"Shaded","section":"Shading Mode"},"sceneLighting":false,"audioPlay":false,"sceneViewState":{"showFog":true,"showMaterialUpdate":false,"showSkybox":true,"showFlares":true,"showImageEffects":true,"showParticleSystems":true},"in2DMode":false,"pivot":{"x":0.33677399158477785,"y":0.9540407657623291,"z":-76.50889587402344},"rotation":{"x":-0.19868572056293488,"y":-0.3782973289489746,"z":0.08348945528268814,"w":-0.9002469778060913},"size":4.958351135253906,"orthographic":false}