{"cameraMode":{"drawMode":0,"name":"Shaded","section":"Shading Mode"},"sceneLighting":false,"audioPlay":false,"sceneViewState":{"showFog":true,"showMaterialUpdate":false,"showSkybox":true,"showFlares":true,"showImageEffects":true,"showParticleSystems":true},"in2DMode":false,"pivot":{"x":109.50662231445313,"y":-85.02677154541016,"z":-28.133686065673829},"rotation":{"x":-0.2172100692987442,"y":-0.704596221446991,"z":0.24276767671108247,"w":-0.6304188370704651},"size":146.0894012451172,"orthographic":false}