{"cameraMode":{"drawMode":0,"name":"Shaded","section":"Shading Mode"},"sceneLighting":false,"audioPlay":false,"sceneViewState":{"showFog":true,"showMaterialUpdate":false,"showSkybox":true,"showFlares":true,"showImageEffects":true,"showParticleSystems":true},"in2DMode":false,"pivot":{"x":-34.668434143066409,"y":0.6267964839935303,"z":8.665550231933594},"rotation":{"x":-0.22603023052215577,"y":0.050236135721206668,"z":-0.011672875843942166,"w":-0.9727540612220764},"size":3.49041485786438,"orthographic":false}