{"cameraMode":{"drawMode":0,"name":"Shaded","section":"Shading Mode"},"sceneLighting":true,"audioPlay":false,"sceneViewState":{"showFog":true,"showMaterialUpdate":true,"showSkybox":true,"showFlares":true,"showImageEffects":true,"showParticleSystems":true},"in2DMode":false,"pivot":{"x":-0.4229521155357361,"y":2.8889808654785158,"z":25.655338287353517},"rotation":{"x":0.33998793363571169,"y":-0.6566371917724609,"z":0.515325129032135,"w":0.4332156777381897},"size":5.089109897613525,"orthographic":false}