{"cameraMode":{"drawMode":0,"name":"Shaded","section":"Shading Mode"},"sceneLighting":false,"audioPlay":false,"sceneViewState":{"showFog":true,"showMaterialUpdate":false,"showSkybox":true,"showFlares":true,"showImageEffects":true,"showParticleSystems":true},"in2DMode":false,"pivot":{"x":-0.027888774871826173,"y":7.963769912719727,"z":0.09900188446044922},"rotation":{"x":0.4380982518196106,"y":-0.3174554109573364,"z":0.16880594193935395,"w":0.8238911628723145},"size":0.7347675561904907,"orthographic":false}