{"cameraMode":{"drawMode":0,"name":"Shaded","section":"Shading Mode"},"sceneLighting":false,"audioPlay":false,"sceneViewState":{"showFog":true,"showMaterialUpdate":false,"showSkybox":true,"showFlares":true,"showImageEffects":true,"showParticleSystems":true},"in2DMode":false,"pivot":{"x":0.0,"y":0.1599999964237213,"z":-17.200000762939454},"rotation":{"x":-0.01592439040541649,"y":0.9576342701911926,"z":-0.05399510636925697,"w":-0.2824317216873169},"size":13.207880973815918,"orthographic":false}