{"cameraMode":{"drawMode":0,"name":"Shaded","section":"Shading Mode"},"sceneLighting":false,"audioPlay":false,"sceneViewState":{"showFog":true,"showMaterialUpdate":false,"showSkybox":true,"showFlares":true,"showImageEffects":true,"showParticleSystems":true},"in2DMode":false,"pivot":{"x":0.01649165153503418,"y":0.9644005298614502,"z":-15.124283790588379},"rotation":{"x":-0.015221113339066506,"y":0.9117217659950256,"z":0.03391999751329422,"w":0.40912243723869326},"size":3.285982608795166,"orthographic":false}