{"cameraMode":{"drawMode":0,"name":"Shaded","section":"Shading Mode"},"sceneLighting":false,"audioPlay":false,"sceneViewState":{"showFog":true,"showMaterialUpdate":false,"showSkybox":true,"showFlares":true,"showImageEffects":true,"showParticleSystems":true},"in2DMode":false,"pivot":{"x":24.52743148803711,"y":0.9100000858306885,"z":-69.10514831542969},"rotation":{"x":-0.43071362376213076,"y":-0.33246251940727236,"z":0.17448590695858003,"w":-0.8206760287284851},"size":4.710569381713867,"orthographic":false}