{"cameraMode":{"drawMode":0,"name":"Shaded","section":"Shading Mode"},"sceneLighting":false,"audioPlay":false,"sceneViewState":{"showFog":true,"showMaterialUpdate":false,"showSkybox":true,"showFlares":true,"showImageEffects":true,"showParticleSystems":true},"in2DMode":false,"pivot":{"x":-0.027888774871826173,"y":7.963769912719727,"z":0.09900188446044922},"rotation":{"x":-0.015221113339066506,"y":0.9117217659950256,"z":0.03391999751329422,"w":0.40912243723869326},"size":0.7347675561904907,"orthographic":false}