{"cameraMode":{"drawMode":0,"name":"Shaded","section":"Shading Mode"},"sceneLighting":false,"audioPlay":false,"sceneViewState":{"showFog":true,"showMaterialUpdate":false,"showSkybox":true,"showFlares":true,"showImageEffects":true,"showParticleSystems":true},"in2DMode":false,"pivot":{"x":0.01649165153503418,"y":0.9644005298614502,"z":-15.124283790588379},"rotation":{"x":-0.006941792089492083,"y":-0.9921514391899109,"z":0.0643925815820694,"w":-0.10696271806955338},"size":12.109124183654786,"orthographic":false}