{"cameraMode":{"drawMode":0,"name":"Shaded","section":"Shading Mode"},"sceneLighting":true,"audioPlay":false,"sceneViewState":{"showFog":true,"showMaterialUpdate":true,"showSkybox":true,"showFlares":true,"showImageEffects":true,"showParticleSystems":true},"in2DMode":false,"pivot":{"x":0.6342524290084839,"y":0.9657853841781616,"z":24.810020446777345},"rotation":{"x":0.3249624967575073,"y":-0.5095899105072022,"z":0.21593958139419557,"w":0.7668687105178833},"size":0.16619139909744264,"orthographic":false}